{
  "Ian/1756699999315-lag noise-compressed.mp4": 10.816,
  "Ian/1756704827543-imagine dragons-compressed.mp4": 15.594646,
  "Ian/1756708184262-ill show you fire-compressed.mp4": 23.424,
  "Ian/1756708902314-yo mama-compressed.mp4": 76.245,
  "Ian/1756709462790-kieren farts!!!-compressed.mp4": 30.933,
  "Ian/1756713829625-corpse-compressed.mp4": 8.277917,
  "Ian/1756745564942-among us gay-compressed.mp4": 31.666633,
  "Ian/1756748950962-mikan-compressed.mp4": 30.229,
  "Ian/1756777767366-fnaf lag-compressed.mp4": 33.429,
  "Ian/1756779149492-roblox jumpscare-compressed.mp4": 3.369979,
  "Ian/1756795469621-marjans very gassy-compressed.mp4": 9.466667,
  "Ian/1756826584383-2p portal-compressed.mp4": 27.37,
  "Ian/1756854057792-Thats So Raven-compressed.mp4": 4.520478,
  "Ian/1756854149684-kieren is quiet-compressed.mp4": 12.053167,
  "Ian/1756854333452-Brawl is f-air-compressed.mp4": 16.277,
  "Ian/1756854364067-Stop it-compressed.mp4": 21.642,
  "Ian/1756854391758-See you later slowpokes-compressed.mp4": 15.766667,
  "Ian/1756854412539-Welcom--compressed.mp4": 24.533333,
  "Ian/1756861229535-dentist-compressed.mp4": 30.847583,
  "Ian/1756861253891-undertale-compressed.mp4": 9.280146,
  "Ian/1756861346896-aarya calls me-compressed.mp4": 43.8,
  "Ian/1756861369825-item-compressed.mp4": 4.866633,
  "Ian/1756861550423-spies in guys-compressed.mp4": 12.906792,
  "Ian/1756861562650-medicinal-compressed.mp4": 33.966633,
  "Ian/1756861572639-sex-compressed.mp4": 6.591667,
  "Ian/1756861577755-most racist thing ever-compressed.mp4": 16.576,
  "Ian/1756861772285-mirages-compressed.mp4": 20.466633,
  "Ian/1756861775823-ink me-compressed.mp4": 13.077,
  "Ian/1756861782551-the first glass break-compressed.mp4": 17.366633,
  "Ian/1756861786955-bombs-compressed.mp4": 15.337979,
  "Ian/1756861790105-ramune 1 daniel 0-compressed.mp4": 16.447979,
  "Ian/1756861795416-cheetos ads-compressed.mp4": 5.269188,
  "Ian/1756861934850-nuts-compressed.mp4": 12.9333,
  "Ian/1756861977149-balkan rage-compressed.mp4": 34.773,
  "Ian/1756861986739-step on me-compressed.mp4": 10.709979,
  "Ian/1756861987950-kieren is a laugh-compressed.mp4": 17.707271,
  "Ian/1756862030745-absolutely nothing can defend this man for his actions-compressed.mp4": 3.904313,
  "Ian/1756862033228-nipon ichiban-compressed.mp4": 67.072,
  "Ian/1756862044222-siri needs permission-compressed.mp4": 20.074375,
  "Ian/1756862052006-birds-compressed.mp4": 16.555,
  "Ian/1756862065829-oh my-compressed.mp4": 46.293,
  "Ian/1756862074484-white fluffy bread-compressed.mp4": 9.535208,
  "Ian/1756877365799-spring noise-compressed.mp4": 24.106,
  "Ian/1756877482045-paul walker-compressed.mp4": 8.874,
  "Ian/1756877568472-philip sabatage-compressed.mp4": 32.81,
  "Ian/1756877904047-the challenger-compressed.mp4": 16.981,
  "Ian/1756877938896-the chickens of ultimate despair-compressed.mp4": 52.821,
  "Ian/1756878011919-finally fantasy-compressed.mp4": 26.112,
  "Ian/1756878025278-apple watch-compressed.mp4": 14.122,
  "Ian/1756878092086-squid game cookie-compressed.mp4": 33.152,
  "Ian/1756878123799-squid game burp-compressed.mp4": 13.994,
  "Ian/1756878577921-kieren on the run-compressed.mp4": 89.728,
  "Ian/1757081661877-aarya throws the game-compressed.mp4": 62.1,
  "Ian/1757081896219-among us vr-compressed.mp4": 30.499675,
  "Ian/1757082074603-john coltrane to bill cosby sexual assault-compressed.mp4": 36.138042,
  "Ian/1757082222918-kieren KIEREN!!!-compressed.mp4": 5.366633,
  "Ian/1757082317571-kieren sex tape-compressed.mp4": 70.3,
  "Ian/1757082508987-laggy air pods pt1-compressed.mp4": 88.866667,
  "Ian/1757082660077-aaryas ukelele-compressed.mp4": 54.079771,
  "Ian/1757082762149-laggy air pods pt2-compressed.mp4": 45.670188,
  "Ian/1757082801426-call epic games-compressed.mp4": 82.1,
  "Ian/1757082917534-aarya nword-compressed.mp4": 2.090458,
  "Ian/1757083137546-little brother syndrome-compressed.mp4": 53.611,
  "Ian/1757083256396-aaron noise-compressed.mp4": 15.402563,
  "Ian/1757083310408-michael lagson-compressed.mp4": 12.075375,
  "Ian/1757083506378-nword cheese-compressed.mp4": 26.154542,
  "Ian/1757083750855-alexa farts-compressed.mp4": 120.333333,
  "Ian/1757471491456-hubert figglebottom-compressed.mp4": 22.144,
  "Ian/1757471498100-kierens laggy singing-compressed.mp4": 17.024,
  "Ian/1757471501987-black diamond-compressed.mp4": 37.461,
  "Ian/1757471520334-i hate 8-ball-compressed.mp4": 40.277,
  "Ian/1757471529303-intimate trucking-compressed.mp4": 11.306,
  "Ian/1757617116461-noah rips-compressed.mp4": 19.818,
  "Ian/1757648523291-noah is very bright-compressed.mp4": 33.940563,
  "Ian/1757648642505-aaron hardest r-compressed.mp4": 19.648,
  "Ian/1757648738104-kieren biggest poker loss (no video)-compressed.mp4": 59.925063,
  "Ian/1757649019368-national anthem-compressed.mp4": 104.333333,
  "Ian/1757649121607-aj is a child predator-compressed.mp4": 59.733333,
  "Ian/1757649170418-immense kirby knowledge-compressed.mp4": 24.8,
  "Ian/1757649212703-hes not that nword-compressed.mp4": 22.733333,
  "Ian/1757649284937-kieren plays fnaf4-compressed.mp4": 16.042667,
  "Ian/1757649314249-ian plays fnaf4-compressed.mp4": 24.033333,
  "Ian/1757649368124-aaron rubs one out-compressed.mp4": 17.28,
  "Ian/1757649587595-oldest fart recorded-compressed.mp4": 20.966667,
  "Ian/1757649742922-nick eh 30-compressed.mp4": 27.3,
  "Ian/1757650284916-ps5 controller speaker-compressed.mp4": 31.7,
  "Ian/1757650721830-aarya screams!!-compressed.mp4": 7.466667,
  "Ian/1757650947879-so, you might be wondering-compressed.mp4": 28.5,
  "Ian/1757651089169-authenic lethal company-compressed.mp4": 93.5,
  "Ian/1757651920179-bye bye!!-compressed.mp4": 24.7,
  "Ian/1757651994323-truck sim first experience-compressed.mp4": 34.389,
  "Ian/1757652253299-wrong button-compressed.mp4": 17.150467,
  "Ian/1757652477185-noah says the nword-compressed.mp4": 14.066667,
  "Ian/1757652507318-philip says the nword-compressed.mp4": 11.711,
  "Ian/1757653291236-eyes-compressed.mp4": 20.309,
  "Ian/1757653330357-clipped on-compressed.mp4": 44.202,
  "Ian/1757653396846-open the noor-compressed.mp4": 33.621,
  "Ian/1757653471664-retards-compressed.mp4": 30.762,
  "Ian/1757653579879-aarya cant take it anymore-compressed.mp4": 34.602,
  "Ian/1757653791968-slenderman-compressed.mp4": 30.805,
  "Ian/1757653885550-noahs gets hot and bothered-compressed.mp4": 22.613,
  "Ian/1757653974913-frog in room-compressed.mp4": 26.581,
  "Ian/1757654269213-kieren trucks me over-compressed.mp4": 11.434,
  "Ian/1757654332268-kieren trucks me raw-compressed.mp4": 41.045,
  "Ian/1757654419625-the spot hangs himself and kills everyone-compressed.mp4": 45.952,
  "Ian/1757654533136-family fun mario party-compressed.mp4": 102.144,
  "Ian/1757654578486-glaggle land-compressed.mp4": 63.189,
  "Ian/1757654698858-best dark souls player ever-compressed.mp4": 74.453,
  "Ian/1757654754684-aaryas influencer career ends abruptly-compressed.mp4": 23.21,
  "Ian/1757654868120-axel-compressed.mp4": 44.245,
  "Ian/1758679203247-Replay 2025-09-23 00-26-50 - Trim-compressed.mp4": 20,
  "Ian/1758679209323-skate 4 orbital strike-compressed.mp4": 100.45,
  "Ian/1758679232097-skate 4 in space-compressed.mp4": 79.883333,
  "Ian/1759447200305-awesome kieren-compressed.mp4": 8.405333,
  "Ian/1761871548958-the second glass break-compressed.mp4": 30.57,
  "Ian/1761871549995-wii crash noise-compressed.mp4": 15.146,
  "Ian/1761871550656-you know how thic--compressed.mp4": 19.008125,
  "Ian/1761871551137-mikan irl-compressed.mp4": 26.218708,
  "Ian/1761871551466-kirby moment-compressed.mp4": 9.706375,
  "Ian/1761871551991-Fortnite_2022.12.11_-_15.38.48.06.DVR_-_Trim.compressed-compressed.mp4": 4,
  "Ian/1761871552578-krispy kruchy chicken-compressed.mp4": 66.266667,
  "Ian/1761871553208-GET OUT OF MY LOBBY-compressed.mp4": 6.3,
  "Ian/1761871553966-kieren is a dj-compressed.mp4": 16.384,
  "Ian/1761871554523-kieren clutches-compressed.mp4": 26.944,